Serial,Lon,Lat,Code
PI040298AD5J215142,-7.923,54.98,5tjrqt1c
PI040298AD5J215095,-7.968,54.964,fqzb9jsq
PI040298AD5J214214,-7.922,54.979,mqe06kvv
PI040298AD5J214635,-7.924,54.981,xw97j79a
PI040298AD5G203425,-7.924,54.98,fzja2fbn
PI040297AD5I205461,-2.88,56.639,qv71bqpk
PI040297AD5I203550,-2.881,56.639,vz0587gv
PI040297AD5I210109,-3.234,56.572,pgr59nte
PI040297AD5I207079,-3.233,56.573,km5mg7g1
PI040297AD5I207232,-3.213,55.729,ds5tv3jd
PI040297AD5I209754,-3.542,56.752,m55057am
PI040297AD5I206301,-3.542,56.752,0gzbnyhs
PI040297AD5I206274,-3.542,56.752,m2dmyswf
PI040297AD5I208430,-3.542,56.752,1zh4hdzr
PI040297AD5I209955,-4.24,55.812,wy1zkq3g
PI040297AD5I206557,-4.24,55.811,60524ca5
PI040297AD5I206501,-2.887,56.472,02krq5q5
PI040298AD5I213211,-7.319,52.346,g5j5w8gq
PI040298AD5I211450,-7.969,54.964,9aaqtyqg
PI040298AD5I209486,-7.968,54.964,bz68t8by
PI040298AD5I205921,-7.969,54.964,b6d18x56
PI040298AD5I205919,-7.968,54.964,pst4tp2q
PI040298AD5I212933,-7.969,54.964,b91y5ta3
PI040298AD5I209490,-7.968,54.964,qew9g7ya
PI040298AD5J214754,-7.969,54.964,2nfj9qgr
PI040298AD5I206230,-7.968,54.964,bgh5f2t4
PI040297AD5J210774,-1.934,53.443,y09h8hsh
PI040297AD5J210685,-1.933,53.444,rcqe7rwr
PI040297AD5J210746,-1.933,53.444,06d7mhex
PI040297AD5J210354,-1.933,53.444,1rwp4k9w
PI040297AD5J210384,-0.135,51.495,48nws5xr
PI040297AA3L024781,-3.221,55.827,m65ex1jn
PI040298AD5J214264,-7.071,52.252,3mza6wr1
PI040297AD5I206516,-3.174,56.532,4ksnqgcd
PI040297AD5I207763,-3.173,56.532,5mstxh58
PI040297AD5I210126,-3.174,56.532,79x5h1ww
PI040297AD5I210018,-3.172,56.535,amcnrmdc
PI040297AD5I210053,-3.173,56.534,w3xaq340
PI040297AD5I206136,-3.176,56.532,kbbkhfq9
PI040297AD5I206576,-3.173,56.534,dx49z6hd
PI040297AD5I209621,-3.173,56.535,qwyhbdw9
PI040298AD5I211752,-7.116,52.275,1z7wsywm
PI040298AD5I207313,-7.097,52.252,mnarpyf7
PI040298AD5J214511,-7.986,55.076,gfn07e9r
PI040298AD5J214628,-7.986,55.076,wbyh0d5v
PI040298AD5J214897,-7.986,55.076,a27sjbe1
PI040298AD5J214877,-8.135,55.142,zee94w96
PI040298AD5J214467,-7.986,55.076,776mdjqd
PI040298AD5J214547,-7.986,55.076,wv1yrr1r
PI040298AD5J214255,-7.986,55.076,v5rnd29g
PI040298AD5J214712,-8.135,55.142,764es98a
PI040298AD5J215015,-7.986,55.076,fz27dsyh
PI040298AD5J214739,-8.14,55.124,g9qq9ccm
PI040298AD5J214713,-7.348,52.361,txrwsx68
PI040298AD5I213060,-7.283,52.328,pa2f1d32
PI040298AD5I213693,-2.595,56.559,wf2kqxp2
PI040297AD5I207062,-3.249,56.553,ct5ygbqb
PI040298AD5I212262,-2.594,56.559,mp11ax65
PI040298AD5I211538,-2.777,56.713,33rx1e84
PI040298AD5J215092,-2.765,56.728,hvy603qp
PI040298AD5I206094,-2.779,56.714,e0ejwk3f
PI040298AD5J215016,-2.765,56.728,57xbhbgj
PI040298AD5I211594,-2.779,56.714,z64z24g7
PI040298AD5I208714,-2.78,56.713,f58vv68k
PI040298AD5I208735,-2.766,56.73,8wveae08
PI040298AD5J215133,-2.766,56.73,epqwge1a
PI040298AD5I208460,-2.766,56.73,vfj7gggz
PI040298AD5I208719,-2.778,56.713,j22xc35a
PI040298AD5J214292,-2.765,56.729,9qr373h3
PI040298AD5I211592,-2.779,56.712,neg1jnx9
PI040298AD5I208774,-2.779,56.713,9g9j09gs
PI040298AD5I207543,-2.78,56.714,ejreq6w3
PI040298AD5I208095,-2.778,56.713,9wsv5zrk
PI040298AD5J214425,-2.765,56.729,0x3sp2wn
PI040298AD5J215104,-2.765,56.728,w17rzv9e
PI040298AD5I207411,-2.778,56.713,5xd9vvkj
PI040298AD5I213834,-7.187,52.252,ta8f2298
PI040298AD5J214880,-7.185,52.254,7m5v988p
PI040298AD5J214638,-7.187,52.252,96vq46b0
PI040298AD5I208190,-2.595,56.558,7eqwh71s
PI040297AA3L026081,-2.236,53.485,p2a1mtve
PI040297AA4C038594,-3.88,56.265,9ay4ejtz
PI040297AA3L024870,-0.032,51.44,vh1tsjhq
PI040297AD5I209981,-2.976,56.457,h3artq9r
PI040298AD5I205652,-7.97,54.965,rrwhdey2
PI040298AD5J214257,-7.97,54.965,w8j350vy
PI040298AD5J214272,-7.97,54.965,hmg2kftv
PI040298AD5J215125,-7.969,54.965,95qqf1qz
PI040298AD5J214799,-7.972,54.966,emqv9amk
PI040298AD5J214296,-7.971,54.966,ftbfb9a2
PI040298AD5J214461,-7.97,54.964,775gpwm5
PI040298AD5J214805,-7.972,54.965,qkkwr4n5
PI040298AD5I212329,-7.971,54.965,ezg7qmt6
PI040298AD5J214726,-7.971,54.966,cjefh7c5
PI040298AD5J214872,-7.973,54.966,7baxe670
PI040298AD5J214810,-8.266,55.105,scz4bmje
PI040298AD5J214678,-8.266,55.105,bvjbdzgn
PI040297AD5J210742,-2.992,56.456,yaemkqdx
PI040297AD5I205907,-3.276,56.546,gzhasvy9
PI040297AD5I207034,-3.276,56.545,fjsjtvdm
PI040298AD5I211343,-7.706,55.001,ypys65tb
PI040298AD5I209196,-7.707,55.0,1d3zd8mt
PI040298AD5I212559,-7.668,54.858,qshrebpv
PI040298AD5I210578,-7.73,54.961,ry909kkn
PI040298AD5I213079,-7.73,54.961,g94736ry
PI040298AD5I213106,-7.73,54.961,agr7071f
PI040298AD5I212438,-8.337,54.942,e8rehyf6
PI040298AD5I206907,-8.337,54.942,r811g8h7
PI040298AD5I213964,-8.337,54.942,5ak4asj2
PI040298AD5I213332,-8.337,54.942,2bgzd0p3
PI040297AD5I208585,-3.761,56.519,rkj27epd
PI040297AD5I207020,-3.76,56.52,vdapdn10
PI040297AD5I209825,-3.514,56.502,qv7hbd4g
PI040297AD5I206185,-3.276,56.546,ff35q03f
PI040297AD5I207988,-3.276,56.546,shwa40th
PI040297AD5I209619,-3.276,56.546,56w97tm8
PI040297AD5I209079,-3.263,56.549,sdezpf09
PI040297AD5I208458,-3.269,56.546,5v8r98z4
PI040297AD5I209386,-4.08,56.19,4mk649h2
PI040297AD5I208784,-4.08,56.19,xckp2wxb
PI040298AD5I206709,-7.273,55.25,02g2h27r
PI040297AD5I207980,-3.266,56.575,9hv3bgwn
,-3.266,56.576,7g56jcpx
PI040297AD5I206954,-3.266,56.576,m9bw3qe8
PI040297AD5I203500,-3.76,56.52,3qba47ch
PI040297AD5I207499,-3.123,56.317,nh707gds
PI040297AD5I208889,-3.276,56.546,6ah0j3cs
PI040297AD5I208175,-3.276,56.546,y6n042ae
PI040298AD5J214772,-7.974,54.966,56hd22k5
PI040298AD5I212300,-7.973,54.966,vvaga6b3
PI040298AD5I211901,-7.969,54.964,bvpkq3yg
PI040298AD5J215035,-7.941,54.976,k22z5yhy
PI040298AD5J215145,-7.942,54.976,r1xx6nv1
PI040298AD5I210720,-7.97,54.964,eqhb1507
PI040298AD5J215080,-7.969,54.964,jaarprwk
PI040298AD5J215123,-7.969,54.964,jk5e6zw3
PI040298AD5J214204,-7.969,54.964,qe6am2yc
PI040298AD5J214844,-7.972,54.965,1kcnzny4
PI040297AD5I209915,-4.073,56.127,c0bd4tn5
PI040298AD5J214876,-7.969,54.964,dpbskzbn
PI040298AD5I207867,-7.94,54.976,6vkq5zjc
PI040298AD5I212839,-7.941,54.976,8enr3xcc
PI040298AD5J215070,-7.969,54.964,hrykz4b5
PI040298AD5J214438,-7.941,54.976,mb0db9qf
PI040298AD5J214449,-7.94,54.976,awxtczcf
PI040298AD5J214705,-7.969,54.964,v35kj7th
PI040298AD5J215049,-7.969,54.964,tsxj4htx
PI040298AD5J214925,-7.969,54.964,64k7qn5d
PI040298AD5J214856,-7.941,54.976,m8atsy18
PI040297AD5I209371,-4.337,56.071,eq1tv572
PI040297AD5I208942,-3.237,56.57,rr8svww0
PI040297AD5I209106,-3.237,56.57,akn0apek
PI040297AD5I207164,-3.839,56.152,fa9m2jfn
PI040297AD5I207604,-3.839,56.152,wd68wd52
PI040297AD5I208317,-3.76,56.52,ydyc3q8c
PI040298AD5J214998,-7.969,54.964,sbzc9kxt
PI040298AD5I207133,-7.94,54.975,3qte04v6
PI040298AD5J214307,-7.969,54.964,acqg6s2v
PI040298AD5I206266,-7.969,54.964,rgms7vr9
PI040297AD5I209213,0.122,51.396,dedfkptc
PI040297AD5I210193,-3.267,56.546,0gkmkv44
PI040297AD5I209874,-4.073,56.127,3gzwvz7e
PI040297AD5I207543,-4.156,55.852,sezmqtj3
PI040298AD5I213209,-7.539,54.933,jyad12az
PI040297AD5I207254,-3.415,56.395,jk2rsmnh
PI040297AD5I204767,-3.967,56.109,75zg189b
PI040297AD5I207697,-4.306,55.902,116wcr07
PI040297AA3L024867,-2.986,56.457,rmwr02fw
PI040297AD5I209675,-3.266,56.576,kktyf45r
PI040297AD5I208349,-3.266,56.575,hqbbj91x
PI040297AD5I207691,-3.266,56.576,2at5j7a4
PI040297AD5I208152,-3.266,56.576,jb46j9qg
PI040297AD5I207075,-3.266,56.576,zfqkmys3
,-3.266,56.575,ntdx7xjg
PI040297AD5I206314,-3.267,56.576,3yj8ekn1
PI040297AD5I206458,-3.416,56.395,jczxwwq5
PI040297AD5I207254,-3.416,56.395,n4nt8fhh
PI040297AD5I205366,-3.254,56.539,62qa39gc
PI040297AD5I207087,-3.254,56.539,akwnzkaq
PI040297AD5I202712,-3.265,56.543,cxb9mcsg
PI040297AD5I206699,-3.253,56.537,6211pfcq
PI040297AD5I205786,-3.252,56.537,pmbmwkxe
PI040297AD5I210186,-3.253,56.537,k5s41x98
PI040297AD5I206317,-3.253,56.538,dtsy0jz1
PI040297AD5I206697,-3.253,56.538,7c8reezj
PI040297AD5I209767,-3.254,56.539,kavk2ajq
PI040297AD5I207461,-3.253,56.538,xh9f7tdn
PI040297AD5I206567,-3.253,56.538,r6hekbhz
PI040297AD5I207580,-3.253,56.538,swaahw2n
PI040297AD5I206575,-3.253,56.537,t4c4sps0
PI040297AD5I207863,-3.265,56.543,v96mc863
PI040297AD5I209114,-3.274,56.547,0a3qc4aa
PI040297AA3L024913,-2.236,53.485,h7y0c63g
PI040298AD5J214937,-7.706,55.0,xy8kknjj
PI040297AD5I207464,-3.276,56.546,14xsgqma
PI040297AD5I209274,-3.88,56.265,qe92syge
PI040297AD5I206478,-3.301,55.956,mxfd4554
PI040297AD5I206909,-3.274,56.547,xc4a6fyq
PI040297AD5I208583,-3.68,56.395,e9eqhv7b
PI040297AD5I209980,-3.0,56.0,te7kdg97
PI040297AD5I208220,-3.679,56.395,0kf2mnc0
PI040297AD5I209923,-3.176,56.531,kw1kdkvt
PI040297AD5I208512,-3.238,56.57,x0rc5fqv
PI040297AD5I209374,-3.237,56.57,r3xk26xa
PI040298AD5J214534,-7.189,52.58,q2q9phn2
PI040297AD5I210201,-3.252,56.537,7y6pppjy
PI040297AD5I209046,-3.252,56.536,59qzhs3v
PI040298AD5J214177,-7.192,52.58,h6w35axa
PI040298AD5J214704,-7.191,52.581,r33yq6xp
PI040298AD5J215002,-7.192,52.581,fvs41a9v
PI040298AD5J214263,-7.191,52.581,14gpkd19
PI040297AD5I205735,-3.015,56.394,akpf3d5z
PI040298AD5J214286,-7.189,52.579,hb6ch07w
PI040298AD5J215010,-7.188,52.58,acz687zj
PI040298AD5J214892,-7.189,52.58,826na1jh
PI040298AD5J214199,-7.189,52.579,ed4aaqw1
PI040298AD5J214293,-7.189,52.579,jmp6earb
PI040298AD5J215001,-7.189,52.579,bej070bs
PI040298AD5J214734,-7.188,52.58,tfe3ptn7
PI040298AD5J215093,-7.192,52.58,n1j1hn87
PI040298AD5J214626,-7.189,52.579,begrhgep
PI040297AD5I206385,-3.679,56.395,az1n484f
PI040298AD5I212678,-7.539,54.933,dpgh500s
PI040297AD5I208753,-3.174,56.531,w3fcegcp
PI040297AD5I205735,-3.031,56.661,mgewr371
PI040297AD5I205753,-3.176,56.531,9kcc3xba
PI040297AD5I208405,-3.174,56.532,semgfq8j
PI040297AD5I207680,-3.175,56.531,ncdvjqks
PI040297AD5I207181,-3.175,56.531,yywm7znh
PI040297AD5I209766,-3.174,56.531,qg1s0z2t
PI040297AD5I208533,-3.276,56.546,twdh29ac
PI040298AD5J214583,-7.188,52.58,er9pjv5m
PI040298AD5J214354,-7.191,52.581,328j39d4
PI040297AD5I207131,-3.213,55.729,5w797fqk
PI040297AD5I205716,-3.213,55.728,nkw7n6a2
PI040297AD5I209252,-3.212,55.73,phzwz0e2
PI040297AD5I207232,-3.213,55.728,pn0h2ww5
PI040298AD5J214865,-7.19,52.579,57b7pph4
PI040298AD5J214594,-7.19,52.579,9zc8t2ts
PI040298AD5J214488,-7.19,52.578,prt4srcw
PI040298AD5J214855,-7.19,52.578,dgkegwzb
PI040298AD5I211003,-7.19,52.578,2krdjhth
PI040297AD5I205742,-2.237,53.485,b6mxq0ab
PI040307AA3K010150,-2.975,56.425,ash37zdx
PI040307AA3J006037,-2.975,56.425,yh0xjg32
PI040297AD5I209543,-3.76,56.52,71fv811r
PI040298AD5I205670,-7.318,55.238,7pjvckc9
PI040298AD5I209170,-7.318,55.238,5pz80qfz
PI040297AD5I209620,-3.252,56.536,88nwhe1w
PI040297AD5I208540,-3.251,56.536,k8ph47jv
PI040297AD5I209556,-2.926,56.22,5w08k139
PI040297AD5I208884,-3.158,56.671,crne9xk6
PI040297AD5I203733,-3.158,56.672,y24aq2g7
PI040297AD5I202693,-3.159,56.672,j2nkvd4y
PI040297AD5I209120,-3.158,56.672,wrc4wnbx
PI040297AD5I207962,-3.159,56.671,b03fvry4
PI040297AD5I208078,-3.158,56.671,tnp4zemt
PI040297AD5I203079,-3.852,55.733,n8wck0tm
PI040298AD5I205833,-7.189,52.581,vyjznn62
PI040298AD5J214207,-7.189,52.581,m4qb2d6q
PI040298AD5J214817,-7.188,52.582,qpdt3t3g
PI040298AD5J214446,-7.188,52.582,nm58wc64
PI040298AD5J214267,-7.188,52.582,690je8gf
PI040297AD5I207506,-2.928,56.221,1m3twx79
PI040298AD5J214636,-6.75,52.79,nd93bsbj
PI040297AD5I205932,-3.814,56.037,3h3taytx
PI040297AD5I208796,-3.267,56.575,zkwh4mnr
PI040297AD5I207081,-3.267,56.575,f479c3ag
PI040298AD5J214363,-6.75,52.79,g2gaa8pw
PI040298AD5J214405,-6.75,52.79,a8ct6xwb
PI040298AD5I209485,-7.943,54.985,02w21htj
PI040298AD5I209664,-7.968,54.964,2sejaryz
PI040298AD5I206275,-7.969,54.964,jnx9zpyj
PI040298AD5I206707,-7.943,54.986,1sqxrrce
PI040298AD5I208454,-7.942,54.985,rqvd8kzt
PI040298AD5I207253,-7.943,54.984,hgzhh45e
PI040298AD5I206463,-7.943,54.985,8zecavwm
PI040298AD5I211674,-7.943,54.985,pyy1c893
PI040298AD5J214698,-7.969,54.964,qasj2zbq
PI040298AD5I208432,-7.968,54.964,rnq96d5g
PI040298AD5I208077,-7.968,54.964,e71cqb6z
PI040298AD5I206180,-7.944,54.986,sepxwjb1
PI040298AD5I205971,-7.943,54.984,sdtx7zat
PI040298AD5I208782,-7.943,54.984,0q0qsxb6
PI040298AD5I213669,-7.969,54.964,f070s9sg
PI040298AD5I213792,-7.942,54.984,x643re48
PI040298AD5I213089,-7.969,54.964,qmws40ma
PI040298AD5J215096,-7.969,54.964,7cp16gma
PI040298AD5I209025,-7.969,54.964,g440gm1g
PI040298AD5I208461,-7.943,54.986,y7cqs42n
PI040298AD5I213679,-7.969,54.964,arrbgqcb
PI040298AD5I208024,-7.942,54.984,dhyx8fdn
PI040298AD5I209023,-7.943,54.986,j2fhxhvd
PI040298AD5J214201,-7.969,54.964,g5cbqqbk
PI040298AD5J214575,-7.968,54.964,c9frk6ve
PI040298AD5J214930,-7.924,54.979,cjp6a2q6
PI040298AD5I210731,-7.968,54.964,y1c0zshh
PI040298AD5J214162,-7.968,54.964,pwcsfvaq
PI040298AD5J214202,-7.968,54.964,m6y7tx8r
PI040298AD5J214409,-7.969,54.964,6dngspdq
PI040298AD5I205808,-3.523,55.908,1x3xq9dg
PI040298AD5I206023,-3.523,55.908,180qwn62
PI040298AD5I205606,-3.523,55.908,m4f3yzem
PI040298AD5I208825,-3.422,56.577,jsb3jvr7
PI040298AD5I213680,-3.421,56.577,54d36e14
PI040298AD5J214264,-7.132,52.269,r08b80k1
PI040298AD5J214258,-7.107,52.712,afc22p53
PI040298AD5I210752,-7.107,52.712,r5me4e2g
PI040298AD5J214819,-7.968,54.964,7cp6srcv
PI040298AD5I211018,-7.968,54.964,57zw9zbq
PI040298AD5J215094,-7.969,54.964,b0revh0y
PI040298AD5I208999,-7.968,54.964,as4xdzdz
PI040298AD5J214314,-7.968,54.964,jrnj08ff
PI040298AD5I213812,-2.594,56.558,rvvfxasy
PI040307AD5I204265,-0.287,51.478,p41zmgaa
PI040298AD5I206253,-3.266,56.576,6t7spw0p
PI040298AD5I211263,-3.253,56.507,kaf9zmc1
PI040298AD5I211398,-3.251,56.506,y8vd8nmj
PI040298AD5I211189,-6.768,52.297,reg1c21y
PI040298AD5I212587,-6.768,52.297,4k3jp4yn
PI040298AD5J214325,-6.828,52.616,frjb0xyj
PI040298AD5J214376,-6.828,52.616,fra26rrd
PI040298AD5J215117,-2.764,56.727,dad7x6x1
PI040298AD5I212258,-2.782,56.713,92cpmzhb
PI040298AD5I205520,-2.78,56.714,e013vke9
PI040298AD5G203386,-2.78,56.714,1r9k4xwm
PI040298AD5I208289,-2.78,56.714,wawxxwqg
PI040298AD5I207567,-2.763,56.725,wg2afshv
PI040298AD5I206462,-2.782,56.713,n0h7yv2r
PI040298AD5G200295,-2.764,56.727,1cv1mqmr
PI040298AD5I207273,-2.764,56.727,r4qpsg3s
PI040298AD5I209326,-2.78,56.714,zsz8anmx
PI040298AD5I205669,-2.779,56.713,k08s4n1f
PI040298AD5I211520,-2.78,56.714,7x2h6kdv
PI040298AD5I207946,-2.761,56.741,2058pfcb
PI040298AD5I208953,-2.777,56.716,1yjxtks7
PI040298AD5J214631,-2.764,56.727,wfwqeydf
PI040298AD5I212184,-2.758,56.739,1f7dt96v
PI040298AD5G203941,-2.76,56.74,qf9xmqxq
PI040298AD5I210322,-2.78,56.713,xfe9g9sx
PI040298AD5I213513,-2.779,56.712,68eej1c4
PI040298AD5I212493,-6.768,52.297,5k6d8nzv
PI040298AD5I211584,-6.768,52.297,xgpvcsg4
PI040298AD5J214294,-6.768,52.297,vyp6j4y2
PI040298AD5I210966,-6.768,52.297,cx803m1k
PI040298AD5I213438,-6.767,52.297,k5hyq6ex
PI040298AD5I211206,-6.767,52.297,w49zs2qj
PI040298AD5I212957,-6.796,52.299,ge9rnzpm
PI040298AD5G202681,-6.767,52.297,zj33x6k3
PI040298AD5I211435,-6.797,52.293,4chta3h1
PI040298AD5I213329,-6.797,52.293,7ah9vfa4
PI040298AD5I212604,-6.806,52.34,m90sz8c4
PI040298AD5I211058,-6.797,52.293,8c86fzqt
PI040298AD5I211321,-6.806,52.34,p677fkhj
PI040298AD5I213026,-6.796,52.299,6nnvwcna
PI040298AD5I210844,-6.806,52.34,7f535bx5
PI040298AD5I213918,-6.768,52.297,xzbj94en
PI040298AD5I212457,-6.806,52.34,hn9bd7k8
PI040298AD5I210938,-6.806,52.34,9dyp2q2r
PI040298AD5I211430,-6.794,52.289,7yncj07b
PI040298AD5I213840,-6.797,52.293,cecpz7nk
PI040298AD5I208878,-6.852,52.859,2b6br30v
PI040298AD5I210056,-6.853,52.859,gart3z0w
PI040298AD5I212509,-6.796,52.299,c70wk8wd
PI040298AD5I210862,-6.796,52.299,gm98csn9
PI040298AD5G200803,-8.319,55.033,vaz6avcw
PI040298AD5I212605,-6.796,52.299,cwn0d0g9
PI040298AD5I211408,-6.796,52.299,acznddbt
PI040298AD5I213173,-6.796,52.299,pxx0b6e9
PI040298AD5I212965,-6.796,52.299,9ghbmcwx
PI040298AD5I211093,-6.796,52.299,vkbh6r7s
PI040298AD5I212174,-6.796,52.299,k7vg74g9
PI040298AD5I212541,-6.796,52.299,aztxvt3y
PI040298AD5I211937,-6.796,52.299,xtrmn9dm
PI040298AD5I212691,-2.762,56.731,p2azjm35
PI040298AD5I208085,-2.763,56.732,fc7sreq9
PI040298AD5I213342,-2.777,56.716,22pbfzqh
PI040298AD5J215021,-2.777,56.716,s5abdzsa
PI040298AD5I210795,-2.761,56.741,vk3gdn9c
PI040298AD5I210744,-6.796,52.299,f9awyrs6
PI040297AD5I209866,-3.68,56.395,mk3cqxjf
PI040297AD5I207143,-3.188,55.954,3qvvvyk3
PI040298AD5I211890,-2.777,56.716,6pnrfajq
PI040298AD5J214913,-6.796,52.299,zp4ysm27
PI040298AD5I211128,-6.796,52.299,feg66cpr
PI040298AD5I210987,-6.796,52.299,yqxbh68d
PI040298AD5I213300,-6.796,52.299,rgc7pn49
PI040298AD5I212964,-6.796,52.299,r731a753
PI040298AD5I211037,-6.86,52.254,vskh0pky
PI040298AD5I214121,-6.796,52.299,ta8jgsbh
PI040298AD5I212789,-6.792,52.288,a4c0hcrb
PI040298AD5I211099,-6.792,52.288,h16rx19v
PI040298AD5I213321,-6.792,52.288,9455mr6a
PI040298AD5I212276,-6.792,52.288,sj8v5az9
PI040298AD5I211415,-6.902,52.861,fan0hvnz
PI040298AD5J214633,-6.918,52.86,gs370w1q
PI040298AD5J214247,-6.917,52.86,p2gpkm6d
PI040298AD5J214924,-6.917,52.86,2rkwckmm
PI040298AD5J215124,-6.916,52.86,knhw8pka
PI040298AD5I212822,-6.915,52.86,hrvydss9
PI040298AD5J214896,-6.918,52.86,r7e71z5w
PI040298AD5J214396,-6.915,52.86,yqcq66ef
PI040298AD5J214531,-6.916,52.86,4rwxfy84
PI040298AD5J214216,-6.916,52.86,za324wnp
PI040298AD5J214961,-6.915,52.86,vqk50wq8
PI040298AD5I206808,-6.917,52.86,yc3g9r4c
PI040298AD5I213325,-6.792,52.288,eznfs01z
PI040298AD5I213615,-3.252,56.553,w218xtkk
PI040297AD5I207167,-3.252,56.552,2vsm7ghq
PI040297AD5I208864,-3.251,56.554,7jx5ys5e
PI040297AD5I207718,-3.25,56.553,f1fvxsa0
PI040297AD5I206869,-3.252,56.552,j1q7e0bx
PI040297AD5I207505,-3.25,56.553,6pf9nqnz
PI040297AD5I206745,-3.251,56.553,vbz85zpw
,-3.253,56.552,2adngvvr
PI040297AD5I210114,-3.253,56.552,945qpbj1
PI040297AD5I208670,-3.175,56.533,wxtej0fq
PI040297AD5I208159,-3.251,56.553,dx0etxs2
PI040297AD5I209387,-3.174,56.533,xe6ajzhy
PI040297AD5I209073,-3.25,56.553,w5me1bf5
PI040297AD5I206224,-3.25,56.553,ahg76dkj
PI040297AD5I206499,-3.175,56.533,dgajmkck
PI040297AD5I210057,-3.172,56.535,xd8ha6r7
PI040297AD5I206767,-3.172,56.534,3c0b12ps
PI040297AD5I207209,-3.25,56.552,yjqjwjjz
PI040297AD5I207818,-3.252,56.552,4xjxxfst
PI040298AD5I207360,-3.25,56.552,ew6pwjqv
PI040297AD5I206789,-3.249,56.552,2gbr1ahs
PI040297AD5I208200,-3.252,56.552,rnqqwc4d
PI040297AD5I210091,-3.251,56.552,9p3kjmf1
PI040297AD5I207796,-3.25,56.552,080hqhnr
PI040297AD5I208237,-3.251,56.552,0jaj6cbm
PI040297AD5I208442,-3.252,56.552,1sgr03wc
PI040298AD5I209497,-3.25,56.552,kreq25gv
PI040297AD5I209840,-3.25,56.552,x7b78k3n
PI040298AD5I207727,-3.252,56.553,88ekhknp
PI040297AD5I204725,-3.25,56.552,ym5mjyyb
PI040298AD5J214674,-7.107,52.712,yd1j0qe8
PI040298AD5G202094,-3.506,56.522,yfhxdbg5
PI040298AD5I213045,-6.902,52.862,0bva4sf4
PI040298AD5I214061,-6.901,52.862,p5y03r25
PI040298AD5G202327,-6.901,52.862,6sq7bz11
PI040298AD5I212123,-6.901,52.863,yf0sjz7n
PI040298AD5I212281,-6.901,52.862,kw6xq805
PI040298AD5I212134,-6.902,52.862,k8q2zewj
PI040298AD5I211173,-6.902,52.861,nsnk7myw
PI040298AD5I213004,-6.902,52.862,c2r92z7x
PI040298AD5I213843,-6.901,52.862,gk0rvmys
PI040298AD5I211320,-7.311,52.351,my3kk20n
PI040298AD5I211630,-7.312,52.351,78ccs58k
PI040298AD5I212606,-7.312,52.35,9zvx8xxd
PI040298AD5J214550,-7.312,52.351,ge5mh8hb
PI040298AD5I211090,-7.312,52.351,hzymds7s
PI040298AD5I213259,-7.312,52.351,w7fm3jdj
PI040298AD5I214099,-7.312,52.351,78yxtx2j
PI040298AD5I213922,-7.317,53.351,0ptxrdzm
PI040298AD5I209019,-7.111,52.713,mh0b07tj
PI040298AD5J214557,-7.111,52.713,cw2wjhyx
PI040298AD5I211419,-6.959,52.7,a9dhzqa4
PI040298AD5I212989,-6.454,52.299,xjd60n10
PI040297AD5I205980,-3.123,56.482,ge7t13kz
PI040297AD5I205473,-3.084,56.457,fvmpzzsc
PI040297AD5I209264,-3.135,56.483,924mzdh8
PI040297AD5I209633,-3.072,56.461,ps154f5r
PI040297AD5I207435,-3.122,56.48,0d3yf3kv
PI040297AD5I207440,-3.066,56.456,stns51zq
PI040297AD5I209636,-3.066,56.459,cjj5fwwf
PI040297AD5I207220,-3.111,56.482,3v2bnarm
PI040297AD5I209629,-3.063,56.455,mry9dwcb
PI040297AD5I207942,-3.083,56.457,gzp04e7c
PI040297AD5I208875,-3.066,56.456,j1pz74qv
PI040297AD5I209634,-3.064,56.454,mmx2hzye
PI040298AD5I208373,-3.423,56.578,nx2p6qcx
PI040298AD5I210715,-3.423,56.578,ztn4rdsp
PI040298AD5I213616,-3.423,56.578,cjzcxnfm
PI040298AD5I208840,-3.421,56.577,2t9ftpda
PI040298AD5I207564,-3.422,56.578,wrvmkn02
PI040298AD5I209301,-3.422,56.578,z5y944m6
PI040298AD5I211938,-7.313,52.351,71c6pcm4
PI040298AD5I210933,-7.312,52.352,8av5k4ty
PI040298AD5I212119,-7.313,52.352,7rxk7br3
PI040298AD5I213919,-7.313,52.352,q0cmy6n5
PI040298AD5I211633,-7.313,52.351,vy29f3s5
PI040298AD5I211481,-7.312,52.352,e2s4c0ft
PI040298AD5I211322,-7.313,52.351,cd8gnmmg
PI040298AD5I212100,-7.313,52.351,5va93k4x
PI040298AD5I211623,-7.313,52.352,a57vnmc7
PI040298AD5I211636,-7.312,52.351,gbsa8m7j
PI040298AD5I214009,-7.312,52.351,g2f2g4h0
PI040298AD5I211104,-7.313,52.352,bvy3gjrt
PI040298AD5I214094,-7.313,52.352,a74nzm91
PI040298AD5I211432,-7.313,52.351,ky2w078x
PI040298AD5I211101,-7.313,52.352,ks59qx5x
PI040298AD5I214006,-7.313,52.351,d0d8axvf
PI040297AA3L024395,-8.037,52.947,54ggw8ft
PI040297AA3L026026,-8.037,52.947,tw9j5w3g
PI040297AA3L024616,-8.037,52.947,th0vrpc3
PI040298AD5I206527,-3.421,56.577,sk6e5rvs
PI040298AD5I214049,-3.423,56.578,9g35kg1t
PI040298AD5I211281,-3.421,56.578,xnkjvwp1
PI040298AD5G204086,-3.421,56.578,h1hwefqp
PI040298AD5I212247,-3.423,56.577,5r6b6ww5
PI040298AD5I209857,-3.422,56.578,k2gtvc0h
PI040298AD5I209240,-3.421,56.578,sq47sfqh
PI040298AD5I212215,-3.422,56.577,jt28xyeg
PI040297AD5I207931,-3.421,56.577,vk5hvwh2
PI040298AD5I214125,-3.421,56.578,6ya4w1a5
PI040298AD5I211560,-3.423,56.578,bgdr7tqz
PI040298AD5I212223,-3.421,56.578,p3w0mmjj
PI040298AD5I213686,-3.421,56.577,8wttzt86
PI040298AD5I213682,-3.423,56.578,3hz3nt2c
,-3.422,56.577,thxke2e9
PI040298AD5I210645,-3.422,56.578,jn9jxy8c
PI040297AD5I208565,-3.251,56.536,rmjq64nh
PI040297AD5I209278,-3.427,56.372,hfxd7gv0
PI040297AD5I208706,-3.579,56.424,t2hxsmy1
PI040298AD5I212553,-6.933,53.043,26x3zf3f
PI040298AD5I213914,-6.933,53.044,2ha4n5py
PI040298AD5I211406,-6.932,53.044,fmrhbdxw
PI040298AD5I214067,-6.932,53.044,rvp6hv0r
PI040298AD5I212958,-6.932,53.045,2w6y0k0g
PI040298AD5I213231,-6.932,53.044,a6qww5b7
PI040298AD5I211631,-6.931,53.044,vrt3zeq7
PI040298AD5I212437,-6.931,53.044,nb71bnb1
PI040298AD5G205351,-6.931,53.044,3nrzgbjf
PI040298AD5I212444,-6.93,53.044,qx2f7zxn
PI040298AD5I212599,-7.044,53.225,9necfnxj
PI040298AD5I213074,-7.044,53.225,h581tzte
PI040298AD5I214011,-7.043,53.225,yjbj4wxn
PI040298AD5G201052,-6.93,53.044,j3hqvt71
PI040298AD5I212494,-6.929,53.044,dsfmazd7
PI040298AD5I212658,-7.042,53.225,q4j9wwwx
PI040298AD5I213969,-7.04,53.225,chqhqtc4
PI040298AD5I213176,-7.02,53.191,3dptqp6w
PI040298AD5G203493,-7.02,53.192,14w8y7xq
PI040298AD5I212927,-7.018,53.192,ya75ewqp
PI040298AD5I213336,-7.019,53.191,kavp6f6d
PI040298AD5I211582,-7.019,53.191,6pra1yt6
PI040298AD5I212488,-7.018,53.19,wfsag38b
PI040298AD5I214010,-7.017,53.191,t0cmydg9
PI040298AD5I212043,-7.017,53.191,w7f44baq
PI040298AD5I210964,-7.042,53.225,594x4xcc
PI040298AD5I212487,-7.041,53.225,c21psh4w
PI040298AD5I213626,-7.038,53.225,w5n6e6rc
PI040298AD5G205347,-7.038,53.225,nwy253mt
PI040298AD5I211188,-7.037,53.225,6d86qw2c
PI040297AD5I207178,-3.064,56.458,53v06rgy
PI040298AD5I213016,-7.039,53.225,wge04d6x
PI040298AD5I213072,-7.04,53.225,yb49m9p1
PI040298AD5I211323,-7.017,53.191,f1annsk6
PI040298AD5I212628,-7.019,53.192,mfdgahxc
PI040298AD5G200517,-7.018,53.191,xmeg8m5y
PI040298AD5I210970,-8.427,54.738,7mn86yh5
PI040298AD5J214536,-6.699,52.646,dfwbja26
PI040297AD5I206526,-3.183,55.926,89pw9jvm
PI040298AD5I210243,-3.183,55.926,1srj15v9
PI040298AD5I211308,-7.022,52.689,wn0m9qk4
PI040298AD5I213192,-7.019,52.688,zk431hwz
PI040298AD5I210935,-7.024,52.687,3snm0dbz
PI040298AD5I211211,-3.321,56.579,eqhyjx7h
PI040298AD5G201012,-3.321,56.579,x2z46b11
PI040298AD5G200720,-3.32,56.579,nzh0wy57
PI040298AD5I209764,-4.195,55.805,s3j3016p
PI040298AD5G200817,-4.195,55.805,z88vw7dg
PI040298AD5I212811,-4.195,55.805,rp2fxbkq
PI040298AD5I210850,-8.427,54.738,dn3qw6sz
PI040298AD5I207356,-8.427,54.738,ktbka4qy
PI040297AD5I204958,-3.124,56.48,yer6pqmj
PI040297AD5I205951,-3.125,56.482,b0jtyfmz
PI040298AD5I211788,-6.796,52.299,hc17d7b6
PI040298AD5I212543,-6.792,52.288,ydgyz02k
PI040298AD5I209391,-7.284,55.257,ym2bsaa3
PI040298AD5I205499,-7.284,55.257,w56zg3rp
PI040298AD5I206806,-7.314,52.584,5gv85pe3
PI040298AD5J214625,-7.0,52.57,jr40b1ks
PI040298AA3I001679,-8.035,52.947,80qtw9pp
PI040298AA3I002380,-8.035,52.947,30a6eq48
PI040298AD5J214513,-7.314,52.584,k0xmx5zb
PI040298AD5J214441,-7.309,52.579,c1mge3f2
PI040298AD5I206806,-7.313,52.584,qzb6818q
PI040298AD5J214625,-7.308,52.579,fnj17gww
PI040298AD5J214250,-7.309,52.579,safdbt7w
PI040298AD5I207777,-7.309,52.581,243vtk0h
PI040298AD5I208543,-7.309,52.58,m7gef57c
PI040298AD5J214908,-7.314,52.584,gmqpsdcv
PI040298AD5I211171,-7.31,52.581,vb7b6137
PI040298AD5I205805,-7.308,52.579,t3znv8ha
PI040298AD5I212462,-7.901,52.524,s7b5t1gs
PI040298AD5I211791,-7.902,52.523,n2tp5918
PI040298AD5I210948,-7.186,52.253,cbbp99d7
PI040298AA3J009611,-8.037,52.947,ct3r7apr
PI040298AA3L038624,-8.037,52.947,epdrb6vm
PI040298AA3L039992,-8.037,52.947,j5ypmbsx
PI040298AA3I002772,-8.038,52.947,6wn1yz0g
PI040298AD5I209200,-2.75,56.72,9ebms37x
PI040298AD5G203364,-2.75,56.72,gw0b01hq
PI040297AA3L024781,-3.224,55.831,6sk90442
PI040298AD5I211364,-2.776,56.717,e7v99r7p
PI040298AD5I213056,-2.776,56.717,pf9mhg1a
PI040298AD5I211982,-2.756,56.727,gykbmzy5
PI040298AD5I213091,-2.753,56.729,eff1pvqv
PI040298AD5I213083,-2.755,56.728,apyvf7wx
PI040298AA3I002968,-8.039,52.947,v810ds0z
PI040298AA3I004932,-8.038,52.947,gfh4zvhk
PI040298AA3I002159,-8.038,52.947,3vdrxzf0
PI040298AA3J009465,-8.037,52.947,g2kbg7mk
PI040298AD5I212961,-6.878,52.865,ab4w4qe9
PI040298AD5I213069,-6.94,52.932,6vawxymx
PI040298AD5I214005,-6.94,52.932,138bn0rz
PI040298AD5I212997,-6.942,52.931,7n81xcbx
PI040298AD5I213147,-6.942,52.932,3758n6kk
PI040298AD5I213251,-6.941,52.933,tjpzdmn4
PI040298AD5G201612,-6.941,52.933,x4axzz18
PI040298AD5I212419,-6.941,52.932,atsws20q
PI040298AD5I212607,-6.94,52.931,sewdbzf6
PI040298AD5I212435,-3.238,56.57,z8v4wxrf
PI040298AD5I213095,-3.253,56.507,2mg663bm
PI040298AD5I211345,-3.253,56.507,j8ywxsxz
PI040298AD5I210750,-3.253,56.507,prgvnw9w
PI040298AD5I209496,-3.252,56.506,fwbexj8r
PI040298AD5I210738,-3.252,56.506,9730v5z7
PI040298AD5I206998,-3.251,56.506,h98bkktw
PI040298AD5I208094,-3.251,56.506,k4j3393w
PI040298AD5I212231,-3.251,56.506,448fsabs
PI040298AD5I205957,-3.252,56.507,kg3s8r48
PI040298AD5I205894,-3.253,56.507,41rc635c
PI040298AD5I206465,-3.254,56.508,j16rncm8
PI040298AD5I211371,-3.253,56.507,f9wh96dz
PI040298AD5I206189,-3.252,56.507,kxg6jaqk
PI040298AD5I206461,-3.251,56.506,2wab5n22
PI040298AD5I206663,-3.251,56.506,4mw8d468
PI040298AD5I207042,-3.251,56.506,5gq4a7z5
PI040298AD5I208098,-3.251,56.506,wv1ayn33
PI040298AD5I205843,-3.25,56.506,4gz8rjb5
PI040298AD5I208444,-3.25,56.506,yx95p4d2
PI040298AD5I211260,-3.251,56.507,0kktvtkz
PI040298AD5I208552,-3.252,56.507,4jk4k2j6
PI040298AD5I210758,-3.25,56.506,5td1bsze
PI040298AD5I213105,-3.252,56.507,mcnxm6rj
PI040298AD5I208795,-3.253,56.508,7rt5xyb7
PI040298AD5I208481,-3.252,56.508,kdzfhtat
PI040298AD5I208209,-3.253,56.508,fgjje9a4
PI040298AD5I211294,-7.019,52.98,8tnq60jh
PI040298AD5I213179,-7.018,52.981,dm3dzxp2
PI040298AD5I212833,-7.018,52.98,06mkyyrf
PI040298AD5I213145,-7.02,52.98,c961pczr
PI040298AD5G203791,-7.019,52.979,r2v3qsk6
PI040298AD5I211932,-7.019,52.98,ccmrkkps
PI040298AD5I212041,-7.017,52.979,xw7sbx88
PI040298AD5I213229,-7.02,52.98,kt99df4w
PI040298AD5I213335,-7.018,52.979,ak3zvyq7
PI040298AD5I212414,-7.017,52.979,v0vgng6f
PI040298AD5I210241,-7.017,52.98,3r60jh22
PI040298AD5I214134,-7.018,52.98,ztbck665
PI040298AA3I003968,-8.037,52.947,46nkk785
PI040298AA3I001687,-8.038,52.947,rqxv5kw6
PI040298AD5J214738,-7.107,52.712,g83cr9dj
PI040298AD5I207985,-7.11,52.711,08my59m0
PI040297AD5I209788,-3.251,56.506,ryq505pa
PI040298AD5G201060,-3.252,56.506,x2q3xxbj
PI040298AD5I211333,-3.254,56.507,3mbnbzyy
PI040298AD5I208091,-3.254,56.507,4r3f15em
PI040298AD5I208071,-3.254,56.507,h0m6a1ys
PI040298AD5I210763,-3.254,56.507,e36bzdh4
PI040298AD5I207335,-3.254,56.507,8md97x6n
PI040298AD5I209288,-3.254,56.507,mdxzc357
PI040298AD5I208062,-3.253,56.507,2fjcav1b
PI040298AD5I208083,-3.251,56.506,644jvp3y
PI040298AD5I211336,-3.251,56.506,n15ktvkc
PI040298AD5I206886,-3.252,56.506,11rm2t6t
PI040298AD5I212426,-3.253,56.507,j8gp71sw
PI040298AD5I213334,-6.879,52.865,aq6r0gat
PI040298AD5I210968,-6.796,52.299,y9v7pw6e
PI040298AD5I211200,-6.768,52.297,sj0fqtfg
PI040298AD5I208218,-2.782,56.713,5kgkfm8j
PI040298AD5I213082,-7.318,55.238,gj83xzbx
PI040297AD5I208023,-3.252,56.552,n85ghx1g
PI040298AD5I211369,-2.778,56.718,dzk302rz
PI040298AD5I211468,-2.779,56.719,5m4v9q7j
PI040298AD5I211097,-7.901,52.524,f2ame6eq
PI040298AD5I214092,-6.942,52.933,8pfb2v8k
PI040298AD5I210746,-6.943,52.932,jjmxgyed
PI040298AD5I211642,-6.943,52.931,s3p58gds
PI040298AD5I211416,-6.943,52.931,zrq16xn0
PI040298AD5J215158,-6.913,52.481,jahz8zdn
PI040298AD5I206713,-6.913,52.481,zz093xhh
PI040298AD5J215120,-6.917,52.468,8vzj7v0x
PI040298AD5J215020,-6.914,52.482,mhrck1v5
PI040298AD5I211361,-2.809,56.513,w6ss1gg0
PI040298AD5I213084,-2.806,56.512,bkfbb3vd
PI040298AD5I206751,-3.17,56.625,vjp413cc
PI040298AD5I211773,-3.17,56.625,7f5544cn
PI040298AD5I209347,-3.14,56.622,awnc8zga
,-3.17,56.626,r88q0jc7
PI040298AD5I211985,-2.926,56.517,76rtmbc4
PI040298AD5G201429,-2.806,56.513,t2eg9vm0
PI040298AD5I211356,-2.806,56.512,gngsjerx
PI040298AD5I213753,-6.659,52.857,vegekv8a
PI040298AD5I212497,-6.659,52.857,fj0rfykf
PI040298AD5I210863,-6.659,52.856,aqk3f6c8
PI040298AD5I212447,-6.659,52.856,ja1py5ac
PI040298AD5I210867,-6.659,52.857,d04d1hwp
PI040298AD5I205677,-3.252,56.552,7bmt3d6j
PI040297AD5I209196,-3.251,56.552,1k7gtg5n
,-3.251,56.554,yah59rtx
PI040298AD5I213849,-3.76,56.52,tnkr64n7
PI040298AD5I213653,-3.761,56.519,eajbvpk9
PI040298AD5I206221,-3.76,56.52,z38vnvn8
PI040298AD5I211681,-3.76,56.52,0a05p06e
PI040298AD5I210797,-3.992,55.698,hj008mtt
PI040297AD5I207126,-3.454,56.551,1bwwc9t6
PI040298AA4E057568,-6.089,54.262,pyn6kfq2
PI040298AA4E057633,-6.089,54.262,5afkvamf
PI040298AA4E057936,-6.089,54.262,vtn03t39
PI040298AA4C055439,-6.09,54.262,daz4dh9c
PI040298AA4E057901,-6.089,54.262,z17s9b62
PI040298AA4E057037,-6.091,54.262,jg8tmzkk
PI040298AA4E057630,-6.089,54.262,914qn50s
PI040298AA4E057324,-6.09,54.262,ccs9wbk4
PI040298AA4E057110,-6.089,54.262,ckkmbzej
PI040298AA4E057454,-6.089,54.262,3szytt5k
PI040298AA4E057415,-6.089,54.262,zwdwm26m
PI040298AA4E057878,-6.09,54.262,qg8hph7v
PI040298AD5I213473,-3.176,56.531,17a4g1t8
PI040298AD5G201790,-3.175,56.531,thq0rxsc
PI040298AD5I211490,-3.175,56.531,tx8qwxck
PI040297AD5I210076,-3.173,56.532,7yb2pp9g
PI040297AD5I207203,-3.174,56.532,7at49749
PI040297AD5I209376,-3.173,56.534,6d5h5g6j
PI040298AD5G203411,-2.939,51.847,nnmm0kf6
PI040298AD5I210026,-2.94,51.848,2mwr0a96
PI040298AD5I208568,-6.902,52.861,0hecww4n
PI040298AD5I207187,-6.917,52.86,rwzxk3kg
PI040298AD5I211880,-0.273,51.378,y8q9r1b5
PI040298AD5I213489,-2.937,51.849,1tahj6m0
PI040298AD5I208472,-2.94,51.848,5474ewxn
PI040298AD5J214993,-0.273,51.378,c9vff1y4
PI040298AD5G200449,-0.273,51.378,dqes1ess
PI040298AD5I206560,-2.942,51.844,bzmq9g87
PI040298AD5I213104,-3.992,55.698,v0mabsna
PI040298AD5I209668,-3.992,55.698,eyjcnwpe
PI040298AD5I207546,-2.936,51.849,6nfeks65
PI040298AD5I211366,-2.935,56.516,6g4d9tqg
PI040298AD5I211980,-2.804,56.513,wqfc3zt2
PI040298AD5I211817,-2.938,56.516,vps3as31
PI040298AD5I213090,-2.805,56.514,2v5fvtv7
PI040298AD5I211981,-2.931,56.519,55v55ckp
PI040298AD5I212274,-1.934,53.444,382aah4g
PI040298AD5I213809,-1.934,53.444,810zhcw7
PI040298AD5J214271,-1.933,53.444,m0nxxfgf
PI040307AA4E029750,-0.337,51.147,tknx3vcd
PI040307AA4E027889,-0.336,51.147,h6zz54z2
PI040298AD5I212561,-7.843,52.378,qx31mvkx
PI040298AD5I211042,-7.84,52.379,mtsq14qq
PI040298AD5I212003,-7.84,52.379,jkxph8e0
PI040298AD5I211998,-7.843,52.376,ny9kzj2e
PI040298AD5J214269,-0.273,51.378,7dgz8da2
PI040298AD5J214460,-0.273,51.378,yh54117q
PI040298AD5I208990,-0.273,51.378,q1tmcpet
PI040298AD5I212820,-0.273,51.378,nf1ddyqk
PI040298AD5I207661,-0.273,51.378,n4e2pc8s
PI040298AD5J214486,-0.273,51.378,xjvtf4en
PI040298AD5J214632,-0.273,51.378,jqfwsm4v
PI040298AD5J215161,-7.264,55.249,5s891d0r
PI040307AA4E028489,-1.153,52.985,t44w7q12
PI040307AA4E029529,-2.627,51.442,r7945wfs
PI040307AA4E029074,-2.626,51.442,180fpch8
PI040298AD5I212225,-2.939,51.849,c7aqbs4j
PI040298AD5I213492,-2.941,51.85,v3hm8myg
PI040298AD5I209725,-2.942,51.85,0rx3v69a
PI040298AD5J214939,-7.07,52.583,9v139aey
PI040298AD5J214543,-7.07,52.583,nn1kd7ke
PI040298AD5J214721,-7.07,52.583,g89q7pa2
PI040298AD5J214910,-7.07,52.583,6nqxpn2w
PI040298AD5J214627,-7.07,52.583,9nprh8jc
PI040298AD5I212015,-7.07,52.583,hzh315k0
PI040298AD5G205337,-7.07,52.583,scezgd5q
PI040298AD5J214946,-7.07,52.583,yt47x61m
PI040298AD5I211051,-7.07,52.583,kg9wdsre
PI040298AD5J214219,-7.097,52.6,srnpe0tr
PI040298AD5I210972,-7.07,52.583,gtvgv0f0
PI040298AD5J214954,-7.071,52.583,8wks5zz6
PI040298AD5I213806,-7.121,52.244,drss0fn2
PI040307AA4E027542,-1.278,52.368,53h2bpn0
PI040307AA4E029414,-3.49,50.744,v8pdmtbe
PI040298AD5J214752,-1.933,53.444,svggrqv3
PI040298AD5I212882,-4.912,54.692,semenehy
PI040307AA4E028945,-4.912,54.692,fpkr32kf
PI040297AD5I208467,-2.882,56.476,gn2xzaf0
PI040298AD5I212157,-7.021,52.688,n3ap312g
PI040307AA4E027607,1.015,51.966,9k09wrsy
PI040307AA4E028625,-1.012,51.444,1rk0qdfa
PI040307AA4E028233,-1.012,51.444,an1qaqgj
PI040307AA4E028620,-1.012,51.444,h6j5zr8d
PI040307AA4D025524,-1.012,51.444,vebpd8w7
PI040307AA4E027167,-2.305,53.558,q2v9xgf2
PI040307AA4E028649,-3.49,50.744,exn9cd91
PI040307AA4E029482,-3.49,50.744,t58hr2gx
PI040298AD5I211436,-7.308,52.583,gwn19k8z
PI040307AA4E029079,-1.168,52.989,vzmvqhss
PI040307AA4E028667,-3.49,50.744,j0cnamqd
PI040298AD5I210413,-2.595,56.558,x7b5g87w
PI040298AD5I209348,-2.941,51.849,y812cpxh
PI040307AA4E027612,-3.49,50.744,rje0ja01
PI040307AA4E028478,1.011,51.968,1pgeqtr0
PI040298AD5I205942,-2.964,56.593,xwkz2zk6
PI040298AD5I206558,-2.965,56.592,cxjfz146
PI040298AD5I212156,-2.968,56.594,93rm7jwb
PI040298AD5I212245,-2.969,56.594,sfyb8yd5
PI040298AD5I213810,-2.971,56.594,9wz9pvft
PI040298AD5I213985,-2.974,56.594,e21hpsk6
PI040298AD5I210716,-2.976,56.593,2956vdjj
PI040307AA4E028607,-3.489,50.744,qkya6naz
PI040307AA4E028902,-3.489,50.744,a2yn35vw
PI040298AA4A042120,-3.923,52.277,r0mzcdpe
PI040298AA4E057234,-3.922,52.277,h4rkyw4n
PI040297AD5I207326,-3.733,56.011,6dm56qzq
PI040297AD5I207243,-3.733,56.011,64knnfep
PI040307AA4E028150,-3.923,52.277,qhm8hj7s
PI040307AA4E029249,-3.923,52.277,y67722qk
PI040298AD5I213975,-2.912,56.537,4t9gst1y
PI040298AD5I211363,-2.912,56.538,2qey62d7
PI040298AD5I210753,-2.911,56.537,ddkq7jbt
PI040298AD5I210737,-2.911,56.537,q5qxv520
PI040307AA4E028273,-3.49,50.745,ngcx1pmt
PI040298AA4A041395,-3.923,52.276,mga26jdk
PI040307AA4E029864,-3.923,52.277,kb7cxnmm
PI040307AA4E029877,-3.923,52.277,9a5z8q5v
PI040307AA4E029811,-3.922,52.277,bgfydh3g
PI040298AD5J214323,-3.922,52.277,2c4eq3ks
PI040298AD5I211324,-2.901,56.539,7crzxfaw
PI040298AD5I212430,-3.234,56.572,ntz1zdef
PI040298AD5I205691,-7.048,52.485,z2ec6n8x
PI040307AA4E027855,-2.589,53.269,d334cspd
PI040307AA4E028476,-2.589,53.269,97qvsce5
PI040307AA4E028907,-2.59,53.269,bvmjp41m
PI040307AA4E028571,-2.59,53.269,md5nhnst
PI040307AA4E028200,-2.59,53.269,1sj3ttga
PI040307AA4E028905,-3.49,50.745,t520v8g9
PI040307AA4D026008,-1.153,52.985,ez5cqztb
PI040298AD5I212456,-3.751,51.768,aq6kcgn8
PI040298AD5J215048,-1.45,52.821,0k6h5gz9
PI040298AD5I213191,-3.924,52.276,1yexqsfd
PI040298AA4E057470,-3.924,52.277,zp88ab6a
PI040307AA4E027543,-3.923,52.277,605cyx1t
PI040298AD5J214625,-7.309,52.579,crqxmgdp
PI040298AD5I213148,-3.751,51.768,mqy0vs0c
PI040298AD5I213151,-3.751,51.768,tktr6qcm
PI040298AD5J215115,-3.751,51.768,fdqrykwa
PI040307AA4E028015,-3.49,50.744,rcrw05cr
PI040298AD5J214347,-1.443,52.858,9fj7w7w4
PI040298AD5G202969,-1.435,52.827,0rgxthwn
PI040298AD5G202743,-1.435,52.827,7nhp7zyk
PI040298AD5J214523,-1.435,52.827,nqj27q73
PI040307AA4E028726,-3.49,50.744,373n9ffy
PI040307AA4E027228,-2.305,53.558,yg1377zf
PI040298AD5I213795,-7.121,52.269,mq4n3sn2
PI040298AD5I208634,-3.266,56.575,bar18hvg
PI040298AD5G202263,-3.252,56.506,mvwvbvv8
PI040298AD5G201721,-3.253,56.508,q5gapcdt
PI040298AD5I205897,-3.252,56.507,9a0kzf67
PI040298AD5I212194,-3.173,56.534,8mnc1hpg
PI040298AD5I213118,-2.755,56.728,shqkc5mf
PI040307AA4D026942,-2.301,53.56,6szpztwp
PI040307AA4E027256,-2.3,53.562,swe8ef7v
PI040307AA4C022362,-1.043,50.842,2f5c9bb6
PI040307AA4E028316,-3.49,50.744,59es2k9e
PI040307AA4E027228,-2.305,53.558,3b9spmha
PI040307AA4E027167,-2.305,53.558,gmvzn9ds
PI040307AA4E027095,-2.301,53.558,5nshf9sx
PI040307AA4D026942,-2.301,53.56,shxpr7w4
PI040307AA4C022030,-1.043,50.842,ekvarnmg
PI040298AD5I208268,-3.234,56.519,h38esycn
PI040298AD5I213475,-3.229,56.52,a2w00m70
PI040298AD5I206917,-3.231,56.521,743vkrqc
PI040298AD5I209914,-3.234,56.519,phsgj47w
PI040298AD5I207241,-3.235,56.519,y2c8e881
PI040298AD5I213478,-3.233,56.52,chj5na0s
PI040298AD5I208240,-3.235,56.519,rr894fb8
PI040298AD5G203391,-3.235,56.519,nqsn6b8j
PI040298AD5I210690,-3.233,56.52,82cvjpz9
PI040298AD5I211803,-3.233,56.521,jjj3twcr
PI040298AD5I207870,-3.234,56.519,1jj5y9xy
PI040298AD5I213226,-3.233,56.52,cyr0z5wh
PI040298AD5I209205,-3.233,56.52,14gbem53
PI040298AD5I210852,-3.234,56.52,c8r7f2xn
PI040298AD5I213266,-3.229,56.52,r7437aan
PI040298AD5I206234,-3.233,56.52,w5vhdpqz
PI040298AD5I210855,-3.232,56.521,exg0vbks
PI040298AD5I212641,-3.235,56.519,zkpcer2m
PI040298AD5G203371,-3.232,56.521,fbernbmc
PI040298AD5I210979,-3.233,56.52,96sznrq7
PI040298AD5I210778,-3.233,56.52,cv01bh5n
PI040298AD5I210489,-3.235,56.519,gyt3518c
PI040298AD5I207407,-3.233,56.52,awb57m28
PI040298AD5I206236,-3.236,56.519,nrh5sfpn
PI040298AD5I210689,-3.235,56.519,5jqcx9rg
PI040298AD5I211514,-3.235,56.519,m15srn90
PI040298AD5I213215,-3.235,56.519,3fftkg31
PI040298AD5I207251,-3.236,56.519,6cvxjh3z
PI040298AD5I213261,-3.234,56.52,1ats6094
PI040298AD5I207434,-3.234,56.52,3ydpw582
PI040298AD5G201670,-3.234,56.52,nsz6xnwy
PI040298AD5I211479,-3.231,56.521,gdfdtya5
PI040298AD5I211802,-3.233,56.521,ds2n7z6d
PI040298AD5I211224,-3.233,56.521,tv85k9bd
PI040298AD5I212345,-3.23,56.521,7krmdejk
PI040298AD5I213462,-3.233,56.521,p8ejgmzy
PI040298AD5I206098,-3.231,56.521,wsc3c0j0
PI040298AD5I211489,-3.23,56.521,krq57d8w
PI040298AD5I212346,-3.231,56.521,9atazp5v
PI040298AD5I213470,-3.229,56.52,v8q8xsme
PI040298AD5I210975,-3.228,56.52,h25yjzz1
PI040298AD5I213480,-3.228,56.52,9m032tg3
PI040298AD5I213264,-3.228,56.52,9tnh7st2
PI040297AD5I206678,-3.276,56.546,mdkj9p8j
PI040297AD5I209753,-3.276,56.546,d2jtn13s
PI040297AD5I208284,-3.276,56.546,jkkg5bpm
PI040297AD5I206645,-3.276,56.546,c8nste63
PI040297AD5I207666,-3.276,56.546,1dzega1d
PI040297AD5I208458,-3.276,56.546,rv1zhbkm
PI040297AD5I206961,-3.276,56.546,q5vfrdbp
PI040297AD5I208646,-3.276,56.546,3y5z12pw
PI040297AD5I209079,-3.276,56.546,zbmg2t64
PI040297AD5I206821,-3.276,56.546,61t9ahay
PI040298AD5I208463,-3.233,56.52,4jetz06w
PI040298AD5I212171,-3.233,56.521,qh4fgq5n
PI040298AD5I211940,-3.751,51.768,1943ka04
PI040298AD5I211017,-3.25,56.506,cdyhq8ja
PI040298AD5I213575,-3.235,56.519,2ns6xmws
PI040307AA4E028853,-3.491,50.744,cayxgchx
PI040298AD5I208354,-3.253,56.539,5ws022zb
,-3.251,56.536,ddfwnz4z
PI040298AD5I213773,-3.422,56.578,3yxdkc4b
PI040298AD5I212096,-3.421,56.578,06pmqycw
PI040298AD5I213080,-3.992,55.698,ydff71e2
PI040298AA3J017456,-4.072,52.234,5ax7bjz8
PI040298AA3I004194,-4.072,52.234,g5crqky2
PI040298AA3I005378,-4.072,52.234,h48a8na5
PI040298AA3J007511,-4.072,52.235,g7a079p9
PI040298AA3J009286,-4.073,52.235,6mwtxafn
PI040298AA3I004332,-4.073,52.235,2eaxpra9
PI040298AA3I000668,-4.68,52.081,kv9cmkm1
PI040298AA3J009537,-4.075,52.234,9hwzp1ah
PI040298AA3I006517,-4.074,52.234,fn5n4tfd
PI040298AA3J007030,-4.074,52.234,eqt0fjg9
PI040298AA3I001707,-4.072,52.234,kx02hk4b
PI040298AA3I002354,-4.072,52.235,04a3hnqg
PI040298AA3I001265,-4.072,52.234,g3tkjxh4
PI040307AA4E028857,-3.49,50.744,n12rh0my
PI040307AA4C023174,-1.89,53.927,raahwgdw
PI040307AA4C024469,-1.89,53.927,1kwwh8k9
PI040307AA4C023449,-1.89,53.927,36nkwdpt
PI040307AA4C021143,-1.89,53.927,3e4xnsra
PI040307AA4C020530,-1.89,53.927,es4xa6d2
PI040307AA4C021375,-1.89,53.927,pnxr2vah
PI040307AA4C024402,-1.89,53.927,twkste47
PI040307AA4C021792,-1.823,53.856,j11q0v1r
PI040307AA4C021123,-1.823,53.856,bnxhmnfx
PI040307AA4E028518,-3.516,50.729,4926psm0
PI040307AA4C020109,-1.914,53.773,rmd36tz3
PI040307AA4C021255,-1.916,53.773,6y1kfwwv
PI040307AA4C021782,-1.914,53.773,931wx4mg
PI040307AA4C021680,-1.916,53.773,y07ncbja
PI040307AA4C024805,-1.916,53.773,5gfc7kw2
PI040307AA4C021495,-1.916,53.773,kd1qeewm
PI040307AA4C025074,-1.916,53.773,ytxcs9m3
PI040307AA4C024620,-1.916,53.773,hagywwmb
PI040307AA4C024701,-1.778,53.784,vtdsxs3z
PI040307AA4C024400,-1.778,53.784,q73sxa45
PI040307AA4C024010,-1.778,53.784,zmd85g5n
PI040307AA4C020298,-1.816,53.858,6bb1q00s
PI040307AA4C021673,-1.832,53.852,03ajjw5b
PI040307AA4C023183,-1.915,53.773,2we3es71
PI040307AA4C021563,-1.915,53.773,havck45c
PI040307AA4C025108,-1.916,53.773,hbdtxngx
PI040307AA4C021210,-1.901,53.775,7m3kgnvs
PI040307AA4C020602,-1.901,53.775,n90me14q
PI040307AA4A016534,-1.914,53.773,9gpy6ht6
PI040307AA4C021416,-1.914,53.773,ypnmscc3
PI040307AA4C021752,-1.914,53.773,7x4xvn45
PI040307AA4C024174,-1.776,53.784,bwre26vc
PI040307AA4C025406,-1.776,53.784,zzk05292
PI040307AA4C024645,-1.821,53.852,gjs0j7q5
PI040307AA4C021233,-1.821,53.852,pmvjpdhq
PI040307AA4C021689,-1.821,53.852,6361nydc
PI040307AA4C024744,-1.913,53.772,mn5mgy9e
PI040307AA4C020974,-1.737,53.889,nghwma03
PI040307AA4C021074,-1.916,53.773,c1ab20z3
PI040307AA4C025365,-1.916,53.773,kqj18jjs
PI040307AA4C022703,-1.727,53.781,jhmdgmn3
PI040307AA4A016149,-1.901,53.775,68d16z4j
PI040307AA4C020901,-1.914,53.773,ttyh12j3
PI040307AA4C023086,-1.914,53.773,p39vf9s9
PI040307AA4C020096,-1.913,53.773,epet8n6y
PI040307AA4C020018,-1.916,53.774,kw2a4tsc
PI040307AA4C020453,-1.916,53.774,rcw489ev
PI040307AA4C020835,-1.916,53.774,8s9ygbxn
PI040307AA4C024911,-1.916,53.774,nhn6hdf2
PI040298AD5I207684,-1.481,52.812,2bzbdkvs
PI040307AA4C021796,-1.916,53.779,pjwfgyhz
PI040297AA4E040950,-1.898,53.775,89b9yvx8
PI040297AA4E041036,-1.898,53.775,s055qcqh
PI040307AA4C023970,-1.898,53.775,76qz8n2c
PI040307AA4C023386,-1.898,53.775,t3fm1fy8
PI040307AA4C023370,-1.898,53.775,hjna1ka9
PI040297AA4E041589,-1.898,53.775,6vyyd3p8
PI040307AA4C020302,-1.898,53.775,kbm0hyeg
PI040307AA4C020916,-1.898,53.775,r0ga6p7f
PI040307AA4C019934,-1.898,53.775,jv2zwjn9
PI040297AA4E041339,-1.898,53.775,e1c0apsj
PI040307AA4C020353,-1.898,53.775,m6m895nh
PI040307AA4C022146,-1.898,53.775,xrvghvn0
PI040297AA4E041406,-1.898,53.775,kye11ykp
PI040297AA4E041017,-1.898,53.775,g8kzb9d3
PI040297AA4E041163,-1.898,53.775,e1fj5nnp
PI040307AA4C021485,-1.898,53.775,sy965sdn
PI040307AA4C020958,-1.898,53.775,k0n09xay
PI040307AA4C021852,-1.898,53.775,04gqbah7
PI040307AA4C020285,-1.898,53.775,yefssbde
PI040297AA4E041148,-1.917,53.779,evw3bqp8
PI040307AA4C021785,-1.917,53.779,cvntqbca
PI040297AA4E041382,-1.915,53.78,sfj2q493
PI040307AA4C022098,-1.915,53.78,pv4byzbe
PI040307AA4C021564,-1.915,53.78,kxwg6z4c
PI040307AA4C021972,-1.914,53.779,8cgc081e
PI040307AA4C022027,-1.914,53.779,c435saz5
PI040307AA4C020365,-1.914,53.779,s2dsrpkw
PI040297AA4E041140,-1.914,53.779,5341qef5
PI040297AA4E040928,-1.914,53.779,tp40d5my
PI040307AA4C024172,-1.809,53.822,2x14h5w5
PI040297AA4E041315,-1.809,53.822,4qw5rgab
PI040297AA4E041086,-1.902,53.775,7mhdqcxy
PI040307AA4C020065,-1.902,53.775,mnx7c49m
PI040307AA4C022804,-1.902,53.775,9qsp6jbk
PI040307AA4C021525,-1.901,53.775,trsntft0
PI040307AA4C022401,-1.901,53.775,nydvqbpk
PI040307AA4B017642,-1.902,53.775,8m0w3dca
PI040297AA4E041476,-1.901,53.775,8dj5w3ab
PI040307AA4C020352,-1.901,53.775,bbdjqkrv
PI040307AA4C019962,-1.902,53.775,amm55g7g
PI040307AA4C020023,-1.902,53.775,pfv2cwqw
PI040307AA4C019930,-1.902,53.775,7v44g4cc
PI040307AA4C024930,-1.902,53.775,s9trpb7c
PI040307AA4C020149,-1.902,53.775,dm47md19
PI040307AA4C022056,-1.902,53.775,wrgdns4p
PI040307AA4C023859,-1.81,53.823,z2h3b5gy
PI040307AA4C024207,-1.81,53.823,j8xpvved
PI040307AA4C020815,-1.81,53.823,96wj3jnf
PI040307AA4C021127,-1.832,53.84,735y05rh
PI040307AA4C022913,-1.809,53.822,ygtvkgmh
PI040307AA4C022087,-1.809,53.822,y9s0mwz7
PI040297AA4E040685,-1.904,53.777,ht63k31f
PI040307AA4C024861,-1.904,53.777,3rn8j9z7
PI040307AA4C020293,-1.904,53.777,nyynkyep
PI040307AA4C020338,-1.904,53.777,sqamt0x0
PI040307AA4C020326,-1.903,53.776,eaf1k1kb
PI040307AA4C020452,-1.902,53.775,k2s4g12n
PI040307AA4C021828,-1.904,53.777,7ppaf8rc
PI040297AA4E040772,-1.904,53.777,01n8brb1
PI040307AA4C020091,-1.903,53.776,vq50z4pd
PI040307AA4C020869,-1.914,53.773,3ev52p0b
PI040307AA4C025381,-1.914,53.773,zbnh7kgj
PI040307AA4C021715,-1.913,53.773,b5pw5cfr
PI040307AA4C021765,-1.913,53.773,gtz93mb4
PI040297AA4E041447,-1.904,53.777,88tn54x8
PI040307AA4C025345,-1.904,53.777,6rw29ap5
PI040307AA4C020955,-1.904,53.777,ef3ep1e6
PI040297AA4E041642,-1.911,53.772,zcvyp66p
PI040297AA4E041308,-1.903,53.776,k6panptg
PI040307AA4C021835,-1.903,53.776,06spxq11
PI040307AA4C019755,-1.913,53.773,afdtpahd
PI040298AA3K026204,0.122,51.396,vnbfmkdp
